{
  "Working Directory" : "\/Users\/ljsk\/code",
  "Prompt Before Closing 2" : false,
  "Selected Text Color" : {
    "Green Component" : 0.85756069421768188,
    "Red Component" : 0.87770605087280273,
    "Blue Component" : 0.73303204774856567
  },
  "Rows" : 25,
  "Ansi 11 Color" : {
    "Green Component" : 0.81913775205612183,
    "Red Component" : 0.81679880619049072,
    "Blue Component" : 0.31353288888931274
  },
  "Use Italic Font" : true,
  "Foreground Color" : {
    "Green Component" : 0.85797154903411865,
    "Red Component" : 0.87773138284683228,
    "Blue Component" : 0.71936088800430298
  },
  "Right Option Key Sends" : 0,
  "Character Encoding" : 4,
  "Selection Color" : {
    "Green Component" : 0.23570387065410614,
    "Red Component" : 0.33870631456375122,
    "Blue Component" : 0.15426947176456451
  },
  "Mouse Reporting" : true,
  "Cursor Boost" : 0.031393229166666668,
  "Ansi 4 Color" : {
    "Green Component" : 0.52710437774658203,
    "Red Component" : 0.35345837473869324,
    "Blue Component" : 0.67741340398788452
  },
  "Non-ASCII Anti Aliased" : true,
  "Sync Title" : false,
  "Disable Window Resizing" : true,
  "Description" : "Default",
  "Close Sessions On End" : true,
  "Jobs to Ignore" : [
    "rlogin",
    "ssh",
    "slogin",
    "telnet"
  ],
  "Scrollback Lines" : 1000,
  "Draw Powerline Glyphs" : true,
  "Flashing Bell" : false,
  "Cursor Guide Color" : {
    "Red Component" : 0.70214027166366577,
    "Color Space" : "sRGB",
    "Blue Component" : 1,
    "Alpha Component" : 0.25,
    "Green Component" : 0.92681378126144409
  },
  "BM Growl" : true,
  "Ansi 3 Color" : {
    "Green Component" : 0.61460262537002563,
    "Red Component" : 0.91524028778076172,
    "Blue Component" : 0.16459846496582031
  },
  "Icon" : 2,
  "Use Non-ASCII Font" : false,
  "Link Color" : {
    "Red Component" : 0,
    "Color Space" : "sRGB",
    "Blue Component" : 0.73422706127166748,
    "Alpha Component" : 1,
    "Green Component" : 0.35915297269821167
  },
  "Shortcut" : "E",
  "Background Image Location" : "",
  "Bold Color" : {
    "Green Component" : 0.97382241487503052,
    "Red Component" : 0.99951791763305664,
    "Blue Component" : 0.84511500597000122
  },
  "Use Cursor Guide" : true,
  "Unlimited Scrollback" : true,
  "Custom Command" : "No",
  "Keyboard Map" : {
    "0xf700-0x260000" : {
      "Text" : "[1;6A",
      "Action" : 10
    },
    "0x37-0x40000" : {
      "Text" : "0x1f",
      "Action" : 11
    },
    "0x32-0x40000" : {
      "Text" : "0x00",
      "Action" : 11
    },
    "0xf709-0x20000" : {
      "Text" : "[17;2~",
      "Action" : 10
    },
    "0xf70c-0x20000" : {
      "Text" : "[20;2~",
      "Action" : 10
    },
    "0xf729-0x20000" : {
      "Text" : "[1;2H",
      "Action" : 10
    },
    "0xf72b-0x40000" : {
      "Text" : "[1;5F",
      "Action" : 10
    },
    "0xf705-0x20000" : {
      "Text" : "[1;2Q",
      "Action" : 10
    },
    "0xf703-0x260000" : {
      "Text" : "[1;6C",
      "Action" : 10
    },
    "0xf700-0x220000" : {
      "Text" : "[1;2A",
      "Action" : 10
    },
    "0xf701-0x280000" : {
      "Text" : "0x1b 0x1b 0x5b 0x42",
      "Action" : 11
    },
    "0x38-0x40000" : {
      "Text" : "0x7f",
      "Action" : 11
    },
    "0x33-0x40000" : {
      "Text" : "0x1b",
      "Action" : 11
    },
    "0xf703-0x220000" : {
      "Text" : "[1;2C",
      "Action" : 10
    },
    "0xf701-0x240000" : {
      "Text" : "[1;5B",
      "Action" : 10
    },
    "0xf70d-0x20000" : {
      "Text" : "[21;2~",
      "Action" : 10
    },
    "0xf702-0x260000" : {
      "Text" : "[1;6D",
      "Action" : 10
    },
    "0xf729-0x40000" : {
      "Text" : "[1;5H",
      "Action" : 10
    },
    "0xf706-0x20000" : {
      "Text" : "[1;2R",
      "Action" : 10
    },
    "0x34-0x40000" : {
      "Text" : "0x1c",
      "Action" : 11
    },
    "0xf700-0x280000" : {
      "Text" : "0x1b 0x1b 0x5b 0x41",
      "Action" : 11
    },
    "0x2d-0x40000" : {
      "Text" : "0x1f",
      "Action" : 11
    },
    "0xf70e-0x20000" : {
      "Text" : "[23;2~",
      "Action" : 10
    },
    "0xf702-0x220000" : {
      "Text" : "[1;2D",
      "Action" : 10
    },
    "0xf703-0x280000" : {
      "Text" : "0x1b 0x1b 0x5b 0x43",
      "Action" : 11
    },
    "0xf700-0x240000" : {
      "Text" : "[1;5A",
      "Action" : 10
    },
    "0xf707-0x20000" : {
      "Text" : "[1;2S",
      "Action" : 10
    },
    "0xf70a-0x20000" : {
      "Text" : "[18;2~",
      "Action" : 10
    },
    "0x35-0x40000" : {
      "Text" : "0x1d",
      "Action" : 11
    },
    "0xf70f-0x20000" : {
      "Text" : "[24;2~",
      "Action" : 10
    },
    "0xf703-0x240000" : {
      "Text" : "[1;5C",
      "Action" : 10
    },
    "0xf701-0x260000" : {
      "Text" : "[1;6B",
      "Action" : 10
    },
    "0xf702-0x280000" : {
      "Text" : "0x1b 0x1b 0x5b 0x44",
      "Action" : 11
    },
    "0xf72b-0x20000" : {
      "Text" : "[1;2F",
      "Action" : 10
    },
    "0x36-0x40000" : {
      "Text" : "0x1e",
      "Action" : 11
    },
    "0xf708-0x20000" : {
      "Text" : "[15;2~",
      "Action" : 10
    },
    "0xf701-0x220000" : {
      "Text" : "[1;2B",
      "Action" : 10
    },
    "0xf70b-0x20000" : {
      "Text" : "[19;2~",
      "Action" : 10
    },
    "0xf702-0x240000" : {
      "Text" : "[1;5D",
      "Action" : 10
    },
    "0xf704-0x20000" : {
      "Text" : "[1;2P",
      "Action" : 10
    }
  },
  "Ansi 14 Color" : {
    "Green Component" : 0.81165879964828491,
    "Red Component" : 0.5747484564781189,
    "Blue Component" : 0.84148848056793213
  },
  "Ansi 2 Color" : {
    "Green Component" : 0.63089627027511597,
    "Red Component" : 0.42121317982673645,
    "Blue Component" : 0.54230403900146484
  },
  "Send Code When Idle" : false,
  "ASCII Anti Aliased" : true,
  "Tags" : [
    "elliot",
    "work"
  ],
  "Ansi 9 Color" : {
    "Green Component" : 0.27362823486328125,
    "Red Component" : 0.91030007600784302,
    "Blue Component" : 0.15134860575199127
  },
  "Use Bold Font" : true,
  "Silence Bell" : false,
  "Ansi 12 Color" : {
    "Green Component" : 0.82760012149810791,
    "Red Component" : 0.7224687933921814,
    "Blue Component" : 0.93095844984054565
  },
  "Window Type" : 0,
  "Use Bright Bold" : true,
  "Cursor Text Color" : {
    "Red Component" : 0.13576889038085938,
    "Color Space" : "sRGB",
    "Blue Component" : 0,
    "Alpha Component" : 1,
    "Green Component" : 1
  },
  "Default Bookmark" : "No",
  "Cursor Color" : {
    "Red Component" : 1,
    "Color Space" : "sRGB",
    "Blue Component" : 0.33333333333333331,
    "Alpha Component" : 1,
    "Green Component" : 0
  },
  "Ansi 1 Color" : {
    "Green Component" : 0.17691341042518616,
    "Red Component" : 0.74596774578094482,
    "Blue Component" : 0.15002942085266113
  },
  "Name" : "Elliot",
  "Blinking Cursor" : true,
  "Guid" : "F00F4F85-114B-48CB-9954-7D3107E1BE6D",
  "Idle Code" : 0,
  "Ansi 10 Color" : {
    "Green Component" : 0.84610497951507568,
    "Red Component" : 0.58333438634872437,
    "Blue Component" : 0.72976309061050415
  },
  "Ansi 8 Color" : {
    "Green Component" : 0.42290288209915161,
    "Red Component" : 0.60647803544998169,
    "Blue Component" : 0.28995892405509949
  },
  "Badge Color" : {
    "Red Component" : 1,
    "Color Space" : "sRGB",
    "Blue Component" : 0,
    "Alpha Component" : 0.5,
    "Green Component" : 0.14910027384757996
  },
  "Smart Cursor Color" : true,
  "Ambiguous Double Width" : false,
  "Cursor Type" : 1,
  "Ansi 0 Color" : {
    "Green Component" : 0.23939560353755951,
    "Red Component" : 0.34250012040138245,
    "Blue Component" : 0.14815604686737061
  },
  "Blur" : false,
  "Vertical Spacing" : 1,
  "Normal Font" : "SourceCodeProForPowerline-Regular 12",
  "Use Underline Color" : true,
  "Ansi 7 Color" : {
    "Green Component" : 0.85797154903411865,
    "Red Component" : 0.87773138284683228,
    "Blue Component" : 0.71936088800430298
  },
  "Command" : "",